{
    "epochs": 10,
    "learningRate": 1e-06,
    "momentum": 0.9,
    "percentage_used_training": 0.9,
    "learningRateScheduler": {
        "lr_scheduler": "True",
        "base_lr": 0.001,
        "max_lr": 0.01
    },
    "accuracy": [
        0.7,
        0.875,
        0.875,
        0.75,
        0.9,
        0.825,
        0.8,
        0.925,
        0.9,
        0.925
    ],
    "loss": [
        0.7174678097168604,
        0.4204028745492299,
        0.25486570472518605,
        0.27170690707862377,
        0.1688338207701842,
        0.24512810446321964,
        0.14625662627319494,
        0.17265072309722504,
        0.07406576396897435,
        0.06913031575580438
    ]
}